{"stats":{"minecraft:used":{"minecraft:cooked_mutton":2,"minecraft:netherite_sword":80,"minecraft:stone_sword":56,"sons_of_sins:charged_creeper_ribs":1,"minecraft:birch_planks":10,"minecraft:stone_pickaxe":59,"minecraft:oak_planks":40,"minecraft:spruce_planks":3,"minecraft:wooden_pickaxe":5,"minecraft:rotten_flesh":1,"minecraft:white_wool":5,"minecraft:dirt":6,"minecraft:mutton":1,"minecraft:crafting_table":2,"minecraft:white_bed":3,"minecraft:firework_rocket":30,"minecraft:gravel":1,"minecraft:stone_axe":21,"minecraft:diamond_sword":47,"minecraft:cobblestone":18,"minecraft:sweet_berries":3,"minecraft:furnace":3,"minecraft:andesite":1,"minecraft:cooked_beef":9,"minecraft:enchanted_golden_apple":13,"the_silence:sad_satan":1},"minecraft:crafted":{"minecraft:cooked_beef":11,"minecraft:oak_planks":40,"minecraft:crafting_table":1,"minecraft:spruce_planks":12,"minecraft:wooden_pickaxe":1,"minecraft:furnace":1,"minecraft:birch_planks":28,"minecraft:stone_axe":1,"minecraft:air":0,"minecraft:cooked_mutton":2,"minecraft:stick":12,"minecraft:stone_pickaxe":1,"minecraft:wooden_axe":1,"minecraft:stone_sword":1,"minecraft:white_bed":1},"minecraft:picked_up":{"minecraft:birch_log":7,"minecraft:crafting_table":3,"minecraft:feather":40,"minecraft:cooked_beef":4,"minecraft:chicken":14,"minecraft:andesite":1,"minecraft:leather":14,"minecraft:wooden_pickaxe":1,"minecraft:oak_log":10,"minecraft:golden_sword":2,"minecraft:gunpowder":11,"minecraft:dirt":6,"minecraft:string":3,"minecraft:smooth_stone_slab":2,"minecraft:flint_and_steel":1,"minecraft:bone":1,"minecraft:spruce_planks":30,"minecraft:stone_pickaxe":1,"minecraft:iron_ingot":4,"minecraft:beef":6,"minecraft:iron_nugget":10,"minecraft:sugar_cane":26,"minecraft:birch_sapling":2,"minecraft:egg":2,"minecraft:furnace":3,"minecraft:stick":6,"minecraft:sweet_berries":3,"minecraft:torch":2,"the_silence:sad_satan":1,"minecraft:gravel":1,"minecraft:fire_charge":1,"minecraft:white_bed":3,"minecraft:spruce_log":3,"minecraft:stone_sword":1,"minecraft:rotten_flesh":3,"minecraft:stone_axe":1,"sons_of_sins:charged_creeper_ribs":63,"minecraft:golden_horse_armor":1,"minecraft:iron_bars":5,"minecraft:mutton":25,"undead_revamp2:arapholia":4,"minecraft:coal":22,"minecraft:white_wool":8,"minecraft:cobblestone":36},"minecraft:mined":{"minecraft:white_bed":2,"the_silence:sad_satan":1,"minecraft:crafting_table":1,"minecraft:grass_block":2,"minecraft:cobblestone":1,"minecraft:spruce_leaves":2,"minecraft:sugar_cane":5,"minecraft:smooth_stone":2,"minecraft:furnace":2,"minecraft:birch_log":7,"minecraft:sweet_berry_bush":1,"minecraft:spruce_log":3,"minecraft:andesite":1,"minecraft:birch_leaves":1,"minecraft:smooth_stone_slab":1,"minecraft:grass":3,"minecraft:oak_log":10,"minecraft:coal_ore":9,"minecraft:gravel":1,"minecraft:dirt":4,"minecraft:stone":41,"minecraft:oak_leaves":7},"minecraft:custom":{"minecraft:interact_with_furnace":15,"minecraft:mob_kills":24,"minecraft:interact_with_crafting_table":6,"minecraft:leave_game":5,"minecraft:time_since_death":6061,"minecraft:sleep_in_bed":4,"minecraft:damage_resisted":347,"minecraft:time_since_rest":6132,"minecraft:sprint_one_cm":182973,"minecraft:damage_absorbed":894,"minecraft:damage_taken":2675,"minecraft:walk_one_cm":94413,"minecraft:drop":6,"minecraft:damage_dealt":6082,"minecraft:swim_one_cm":14413,"minecraft:talked_to_villager":4,"minecraft:fly_one_cm":409052,"minecraft:open_chest":2,"minecraft:crouch_one_cm":8649,"minecraft:play_time":71952,"minecraft:deaths":6,"minecraft:sneak_time":4633,"minecraft:walk_under_water_one_cm":2446,"minecraft:aviate_one_cm":114137,"minecraft:jump":1699,"minecraft:walk_on_water_one_cm":10231,"minecraft:total_world_time":71952,"minecraft:fall_one_cm":45961},"minecraft:killed_by":{"kevin_trophy:blister_zombie":1,"boh:jeff_the_killer":1,"simon:simon_12":1,"the_silence:asucwacho":1,"sons_of_sins:walking_bed":1},"minecraft:dropped":{"minecraft:cooked_beef":2,"sons_of_sins:charged_creeper_ribs":64,"minecraft:wooden_axe":1,"minecraft:wooden_pickaxe":1},"minecraft:killed":{"undead_revamp2:the_moonflower":1,"minecraft:ender_dragon":1,"undead_revamp2:theswarmer":1,"minecraft:sheep":7,"minecraft:bee":1,"minecraft:chicken":8,"boh:jeff_the_killer":1,"minecraft:cow":4}},"DataVersion":3120}