{"stats":{"minecraft:mined":{"minecraft:spruce_log":2,"minecraft:spruce_leaves":20,"minecraft:powder_snow":8},"minecraft:custom":{"minecraft:jump":43,"minecraft:time_since_rest":4903,"minecraft:sprint_one_cm":5335,"minecraft:play_time":4903,"minecraft:damage_taken":90,"minecraft:time_since_death":4903,"minecraft:walk_one_cm":7538,"minecraft:total_world_time":4903,"minecraft:fall_one_cm":2609,"minecraft:fly_one_cm":7050},"minecraft:picked_up":{"minecraft:spruce_sapling":1,"minecraft:spruce_log":2}},"DataVersion":3465}