{"stats":{"minecraft:mined":{"minecraft:coarse_dirt":1,"minecraft:brown_mushroom":1,"minecraft:glass_pane":3,"minecraft:pink_tulip":1,"minecraft:spruce_leaves":20,"minecraft:spruce_log":2,"minecraft:powder_snow":36},"minecraft:custom":{"minecraft:time_since_rest":229,"minecraft:play_time":19679,"minecraft:sprint_one_cm":37733,"minecraft:walk_one_cm":23123,"minecraft:damage_taken":690,"minecraft:deaths":2,"minecraft:mob_kills":1,"minecraft:drop":2,"minecraft:jump":271,"minecraft:damage_dealt":95,"minecraft:leave_game":1,"minecraft:time_since_death":204,"minecraft:climb_one_cm":148,"minecraft:total_world_time":19679,"minecraft:fall_one_cm":17051,"minecraft:fly_one_cm":51203},"minecraft:picked_up":{"minecraft:coarse_dirt":1,"minecraft:rotten_flesh":2,"patchouli:guide_book":2,"minecraft:brown_mushroom":2,"bossominium:the_bossdexium":1,"minecraft:player_head":1,"minecraft:spruce_sapling":2,"minecraft:spruce_log":4,"alexsmobs:animal_dictionary":1},"minecraft:dropped":{"minecraft:rotten_flesh":2},"minecraft:killed_by":{"minecraft:vindicator":1}},"DataVersion":3465}