{"stats":{"minecraft:used":{"minecraft:stone_sword":22,"minecraft:flint_and_steel":1,"minecraft:birch_planks":35,"minecraft:stone_pickaxe":53,"minecraft:wooden_pickaxe":5,"minecraft:white_wool":3,"minecraft:dirt":4,"minecraft:mutton":6,"minecraft:crafting_table":4,"minecraft:white_bed":3,"minecraft:obsidian":49,"minecraft:wooden_axe":39,"minecraft:black_wool":3,"minecraft:stone_axe":16,"minecraft:cobblestone":34,"minecraft:beef":2,"minecraft:sweet_berries":6,"minecraft:porkchop":7,"minecraft:smooth_stone_slab":2,"minecraft:cooked_beef":3,"minecraft:smooth_stone":1},"minecraft:broken":{"minecraft:wooden_axe":1},"minecraft:crafted":{"minecraft:cooked_beef":1,"minecraft:crafting_table":2,"minecraft:wooden_pickaxe":2,"minecraft:birch_planks":64,"minecraft:stone_axe":1,"minecraft:air":0,"minecraft:stick":16,"minecraft:stone_pickaxe":2,"minecraft:wooden_axe":1,"minecraft:stone_sword":1,"minecraft:white_bed":1},"minecraft:picked_up":{"minecraft:wooden_axe":1,"minecraft:birch_log":22,"minecraft:crafting_table":6,"minecraft:feather":10,"minecraft:cooked_beef":4,"minecraft:chicken":13,"minecraft:leather":15,"minecraft:wooden_pickaxe":1,"minecraft:birch_planks":3,"minecraft:golden_sword":4,"minecraft:gunpowder":22,"minecraft:string":6,"minecraft:dirt":5,"minecraft:flint_and_steel":2,"minecraft:smooth_stone_slab":4,"boh:kindness_flower":1,"minecraft:smooth_stone":1,"minecraft:spruce_planks":10,"minecraft:iron_ingot":8,"minecraft:stone_pickaxe":2,"minecraft:beef":9,"minecraft:cooked_chicken":1,"minecraft:iron_nugget":10,"minecraft:sugar_cane":13,"minecraft:furnace":3,"minecraft:stick":6,"minecraft:sweet_berries":7,"minecraft:fire_charge":1,"minecraft:porkchop":9,"minecraft:white_bed":3,"minecraft:stone_sword":1,"minecraft:slime_ball":1,"minecraft:stone_axe":1,"minecraft:golden_horse_armor":1,"undead_revamp2:arapholia":3,"minecraft:coal":19,"minecraft:black_wool":3,"minecraft:mutton":24,"minecraft:white_wool":6,"minecraft:cobblestone":51},"minecraft:mined":{"minecraft:white_bed":2,"boh:kindness_flower":1,"minecraft:crafting_table":3,"minecraft:grass_block":2,"minecraft:cobblestone":6,"minecraft:smooth_stone":3,"minecraft:birch_planks":3,"minecraft:birch_log":22,"minecraft:sweet_berry_bush":3,"minecraft:birch_leaves":1,"minecraft:smooth_stone_slab":2,"minecraft:black_wool":1,"minecraft:grass":2,"minecraft:coal_ore":13,"minecraft:dirt":3,"minecraft:stone":32,"minecraft:oak_leaves":6},"minecraft:custom":{"minecraft:interact_with_furnace":12,"minecraft:mob_kills":22,"minecraft:interact_with_crafting_table":11,"minecraft:leave_game":3,"minecraft:time_since_death":7404,"minecraft:sleep_in_bed":5,"minecraft:time_since_rest":7433,"minecraft:sprint_one_cm":152533,"minecraft:damage_taken":1127,"minecraft:walk_one_cm":110768,"minecraft:drop":33,"minecraft:damage_dealt":2283,"minecraft:swim_one_cm":14034,"minecraft:talked_to_villager":1,"minecraft:fly_one_cm":351806,"minecraft:open_chest":1,"minecraft:crouch_one_cm":1070,"minecraft:play_time":68642,"minecraft:deaths":3,"minecraft:sneak_time":1575,"minecraft:walk_under_water_one_cm":6288,"minecraft:jump":1116,"minecraft:walk_on_water_one_cm":18650,"minecraft:total_world_time":68642,"minecraft:fall_one_cm":26221},"minecraft:killed_by":{"kevin_trophy:spitter_zombie":1,"cave_dweller:cave_dweller":1,"minecraft:bee":1},"minecraft:dropped":{"minecraft:iron_ingot":4,"minecraft:furnace":1,"minecraft:stone_axe":1,"minecraft:sugar_cane":13,"minecraft:iron_nugget":10,"minecraft:cooked_beef":2,"minecraft:stone_sword":1,"minecraft:smooth_stone_slab":1,"minecraft:golden_horse_armor":1,"minecraft:crafting_table":2,"undead_revamp2:arapholia":3,"minecraft:chicken":6,"minecraft:feather":10,"minecraft:cobblestone":3,"minecraft:leather":9,"minecraft:white_bed":1,"minecraft:flint_and_steel":1,"minecraft:stick":4,"minecraft:gunpowder":11,"minecraft:spruce_planks":10,"minecraft:mutton":11,"minecraft:fire_charge":1,"minecraft:golden_sword":2,"minecraft:stone_pickaxe":1,"minecraft:wooden_pickaxe":2,"minecraft:string":3},"minecraft:killed":{"minecraft:pig":4,"undead_revamp2:the_moonflower":1,"minecraft:sheep":8,"minecraft:bee":1,"minecraft:cow":4}},"DataVersion":3120}